Race/Ethnicity,Portion of cases,Portion of deaths,Portion of US population,Count of cases,Count of deaths,dc_ratio
Hispanic/Latino,25.31185575554229,17.60692352055307,18.45,6513046,97389,0.014952911433452181
American Indian / Alaska Native Non-Hispanic,1.08549902070276,1.1181840040930777,0.74,279312,6185,0.02214369593859197
Asian Non-Hispanic,2.982938188636079,3.466641597168111,5.76,767546,19175,0.024982216049591815
Black Non-Hispanic,11.653775122169744,13.708917811215828,12.54,2998657,75828,0.025287320290383327
Native Hawaiian / Other Pacific Islander Non-Hispanic,0.28051540683653126,0.22743338353259368,0.182,72180,1258,0.01742865059573289
White Non-Hispanic,53.46322074980782,59.96648159832516,60.11,13756732,331692,0.024111249677612388
Multiple/Other Non-Hispanic,5.222195756304786,3.905418085112153,2.22,1343734,21602,0.016076098394473905
