Race/Ethnicity,Percent of cases,Count of cases,Percent of US population,Percent of deaths,Count of deaths,Death Risk
Hispanic/Latino,0.253118558,6513046,18.45,0.176069235,97389,0.014952911
American Indian / Alaska Native Non-Hispanic,0.01085499,279312,0.74,0.01118184,6185,0.022143696
Asian Non-Hispanic,0.029829382,767546,5.76,0.034666416,19175,0.024982216
Black Non-Hispanic,0.116537751,2998657,12.54,0.137089178,75828,0.02528732
Native Hawaiian / Other Pacific Islander Non-Hispanic,0.002805154,72180,0.182,0.002274334,1258,0.017428651
White Non-Hispanic,0.534632207,13756732,60.11,0.599664816,331692,0.02411125
Multiple/Other Non-Hispanic,0.052221958,1343734,2.22,0.039054181,21602,0.016076098
