{ "sex_data": [{"value":"Female","pop":50.75,"cases":52.2997987544,"deaths":45.6838548576,"dc_ratio":0.0146531114},{"value":"Male","pop":49.25,"cases":47.6979837493,"deaths":54.3147553034,"dc_ratio":0.019102268},{"value":"Other","pop":null,"cases":0.0022174962,"deaths":0.001389839,"dc_ratio":0.0105140187},{"value":"-","pop":0.0,"cases":0.0,"deaths":0.0,"dc_ratio":0.0}] }