Sex,Portion of cases,Portion of deaths,Portion of US population,Count of cases,Count of deaths,dc_ratio
Female,52.29979875444584,45.68385485756466,50.75,20188818,295829,0.014653111440204177
Male,47.69798374932759,54.31475530339414,49.25,18412421,351719,0.019102267974428783
Other,0.0022174962265649055,0.0013898390411963735,,856,9,0.010514018691588784
