Sex,Percent of cases,Count of cases,Percentage of deaths,Count of deaths,High Death,Percent of US population,Death Risk
Female,0.522997988,20188818,0.456838549,295820 - 295829,295829,50.75,0.014653111
Male,0.476979837,18412421,0.543147553,351710 - 351719,351719,49.25,0.019102268
Other,2.22E-05,856,1.39E-05,0 - 9,9,0,0
